{
 "ip_address": [
  {
   "ipv4": "145.40.90.151",
   "latency": 262976449,
   "download": 6.2124926386045,
   "upload": 5144.270090126969
  }
 ]
}