{
 "ip_address": [
  {
   "ipv4": "localhost",
   "latency": 14981051,
   "download": 8142.122540206258,
   "upload": 3578.766512629995
  }
 ]
}