{
 "ip_address": [
  {
   "ipv4": "145.40.90.151",
   "latency": 146389678,
   "download": 9.020151819319478,
   "upload": 6325.413957228309
  },
  {
   "ipv4": "86.99.70.106",
   "latency": 9320246,
   "download": 841.138792914018,
   "upload": 6849.211861191133
  }
 ]
}