{
 "ip_address": [
  {
   "ipv4": "145.40.90.151",
   "latency": 136977360,
   "download": 6.439557936207414,
   "upload": 1247166.5933956294
  },
  {
   "ipv4": "86.99.70.106",
   "latency": 8933343,
   "download": 201730.13853312942,
   "upload": 2203225.5221644486
  },
  {
   "ipv4": "86.99.70.106",
   "latency": 0,
   "download": 0,
   "upload": 0
  }
 ]
}