{
 "ip_address": [
  {
   "ipv4": "145.40.90.151",
   "latency": 271458528,
   "download": 738.0909641092161,
   "upload": 1715.925379038264
  }
 ]
}