{
 "ip_address": [
  {
   "ipv4": "145.40.90.151",
   "latency": 144024138,
   "download": 6.124989686501195,
   "upload": 3863.649528583081
  },
  {
   "ipv4": "86.99.70.106",
   "latency": 7972645,
   "download": 87.32677875720803,
   "upload": 6006.624976985241
  }
 ]
}