{
 "ip_address": [
  {
   "ipv4": "145.40.90.151",
   "latency": 139109233,
   "download": 6.383175565123993,
   "upload": 896786.5894533413
  }
 ]
}